{
  "articles": [
    {
      "article": {
        "title": "sample title",
        "desc": "sample desc",
        "votes": 6
      },
      "id": 1
    },
    {
      "article": {
        "title": "Article 2",
        "desc": "desc2",
        "votes": 0
      },
      "id": 2
    },
    {
      "article": {
        "title": "afsaf",
        "desc": "fadf",
        "votes": 0
      },
      "id": 3
    },
    {
      "article": {
        "title": "res",
        "desc": "dfafs",
        "votes": 0
      },
      "id": 4
    },
    {
      "article": {
        "title": "fdafdsaf",
        "desc": "fadfsaf",
        "votes": 0
      },
      "id": 5
    }
  ]
}